indicator_data_id,indicator_id,name,geo_type_name,Measure,geo_entity_name,geo_entity_id,data_valuemessage,year_description
130830,648,PM2.5-Attributable Asthma ED Visits ,Borough,Rate- Children 0 to 17 Yrs Old,Bronx,1,212.5,2005-2007
130830,648,PM2.5-Attributable Asthma ED Visits ,Borough,Rate- Children 0 to 17 Yrs Old,Bronx,1,212.5,2005-2007
130831,648,PM2.5-Attributable Asthma ED Visits ,Borough,Rate- Children 0 to 17 Yrs Old,Brooklyn,2,99.3,2005-2007
130831,648,PM2.5-Attributable Asthma ED Visits ,Borough,Rate- Children 0 to 17 Yrs Old,Brooklyn,2,99.3,2005-2007
130832,648,PM2.5-Attributable Asthma ED Visits ,Borough,Rate- Children 0 to 17 Yrs Old,Manhattan,3,179.4,2005-2007
130832,648,PM2.5-Attributable Asthma ED Visits ,Borough,Rate- Children 0 to 17 Yrs Old,Manhattan,3,179.4,2005-2007
130833,648,PM2.5-Attributable Asthma ED Visits ,Borough,Rate- Children 0 to 17 Yrs Old,Queens,4,80.8,2005-2007
130833,648,PM2.5-Attributable Asthma ED Visits ,Borough,Rate- Children 0 to 17 Yrs Old,Queens,4,80.8,2005-2007
130834,648,PM2.5-Attributable Asthma ED Visits ,Borough,Rate- Children 0 to 17 Yrs Old,Staten Island,5,55.3,2005-2007
130834,648,PM2.5-Attributable Asthma ED Visits ,Borough,Rate- Children 0 to 17 Yrs Old,Staten Island,5,55.3,2005-2007
131454,648,PM2.5-Attributable Asthma ED Visits ,Borough,Rate- Children 0 to 17 Yrs Old,Bronx,1,128.2,2009-2011
131454,648,PM2.5-Attributable Asthma ED Visits ,Borough,Rate- Children 0 to 17 Yrs Old,Bronx,1,128.2,2009-2011
131455,648,PM2.5-Attributable Asthma ED Visits ,Borough,Rate- Children 0 to 17 Yrs Old,Brooklyn,2,93.1,2009-2011
131455,648,PM2.5-Attributable Asthma ED Visits ,Borough,Rate- Children 0 to 17 Yrs Old,Brooklyn,2,93.1,2009-2011
131456,648,PM2.5-Attributable Asthma ED Visits ,Borough,Rate- Children 0 to 17 Yrs Old,Manhattan,3,144.3,2009-2011
131456,648,PM2.5-Attributable Asthma ED Visits ,Borough,Rate- Children 0 to 17 Yrs Old,Manhattan,3,144.3,2009-2011
131457,648,PM2.5-Attributable Asthma ED Visits ,Borough,Rate- Children 0 to 17 Yrs Old,Queens,4,74.8,2009-2011
131457,648,PM2.5-Attributable Asthma ED Visits ,Borough,Rate- Children 0 to 17 Yrs Old,Queens,4,74.8,2009-2011
131458,648,PM2.5-Attributable Asthma ED Visits ,Borough,Rate- Children 0 to 17 Yrs Old,Staten Island,5,50.5,2009-2011
131458,648,PM2.5-Attributable Asthma ED Visits ,Borough,Rate- Children 0 to 17 Yrs Old,Staten Island,5,50.5,2009-2011
130829,648,PM2.5-Attributable Asthma ED Visits ,Citywide,Rate- Children 0 to 17 Yrs Old,New York City,1,126.3,2005-2007
130829,648,PM2.5-Attributable Asthma ED Visits ,Citywide,Rate- Children 0 to 17 Yrs Old,New York City,1,126.3,2005-2007
131453,648,PM2.5-Attributable Asthma ED Visits ,Citywide,Rate- Children 0 to 17 Yrs Old,New York City,1,106.8,2009-2011
131453,648,PM2.5-Attributable Asthma ED Visits ,Citywide,Rate- Children 0 to 17 Yrs Old,New York City,1,106.8,2009-2011
130787,648,PM2.5-Attributable Asthma ED Visits ,UHF42,Rate- Children 0 to 17 Yrs Old,Kingsbridge - Riverdale,101,88.3,2005-2007
130787,648,PM2.5-Attributable Asthma ED Visits ,UHF42,Rate- Children 0 to 17 Yrs Old,Kingsbridge - Riverdale,101,88.3,2005-2007
130788,648,PM2.5-Attributable Asthma ED Visits ,UHF42,Rate- Children 0 to 17 Yrs Old,Northeast Bronx,102,152.6,2005-2007
130788,648,PM2.5-Attributable Asthma ED Visits ,UHF42,Rate- Children 0 to 17 Yrs Old,Northeast Bronx,102,152.6,2005-2007
130789,648,PM2.5-Attributable Asthma ED Visits ,UHF42,Rate- Children 0 to 17 Yrs Old,Fordham - Bronx Pk,103,167.2,2005-2007
130789,648,PM2.5-Attributable Asthma ED Visits ,UHF42,Rate- Children 0 to 17 Yrs Old,Fordham - Bronx Pk,103,167.2,2005-2007
130790,648,PM2.5-Attributable Asthma ED Visits ,UHF42,Rate- Children 0 to 17 Yrs Old,Pelham - Throgs Neck,104,162.5,2005-2007
130790,648,PM2.5-Attributable Asthma ED Visits ,UHF42,Rate- Children 0 to 17 Yrs Old,Pelham - Throgs Neck,104,162.5,2005-2007
130791,648,PM2.5-Attributable Asthma ED Visits ,UHF42,Rate- Children 0 to 17 Yrs Old,Crotona -Tremont,105,257.1,2005-2007
130791,648,PM2.5-Attributable Asthma ED Visits ,UHF42,Rate- Children 0 to 17 Yrs Old,Crotona -Tremont,105,257.1,2005-2007
130792,648,PM2.5-Attributable Asthma ED Visits ,UHF42,Rate- Children 0 to 17 Yrs Old,High Bridge - Morrisania,106,308,2005-2007
130792,648,PM2.5-Attributable Asthma ED Visits ,UHF42,Rate- Children 0 to 17 Yrs Old,High Bridge - Morrisania,106,308,2005-2007
130793,648,PM2.5-Attributable Asthma ED Visits ,UHF42,Rate- Children 0 to 17 Yrs Old,Hunts Point - Mott Haven,107,278.6,2005-2007
130793,648,PM2.5-Attributable Asthma ED Visits ,UHF42,Rate- Children 0 to 17 Yrs Old,Hunts Point - Mott Haven,107,278.6,2005-2007
130794,648,PM2.5-Attributable Asthma ED Visits ,UHF42,Rate- Children 0 to 17 Yrs Old,Greenpoint,201,60.8,2005-2007
130794,648,PM2.5-Attributable Asthma ED Visits ,UHF42,Rate- Children 0 to 17 Yrs Old,Greenpoint,201,60.8,2005-2007
130795,648,PM2.5-Attributable Asthma ED Visits ,UHF42,Rate- Children 0 to 17 Yrs Old,Downtown - Heights - Slope,202,99.3,2005-2007
130795,648,PM2.5-Attributable Asthma ED Visits ,UHF42,Rate- Children 0 to 17 Yrs Old,Downtown - Heights - Slope,202,99.3,2005-2007
130796,648,PM2.5-Attributable Asthma ED Visits ,UHF42,Rate- Children 0 to 17 Yrs Old,Bedford Stuyvesant - Crown Heights,203,195.4,2005-2007
130796,648,PM2.5-Attributable Asthma ED Visits ,UHF42,Rate- Children 0 to 17 Yrs Old,Bedford Stuyvesant - Crown Heights,203,195.4,2005-2007
130797,648,PM2.5-Attributable Asthma ED Visits ,UHF42,Rate- Children 0 to 17 Yrs Old,East New York,204,175.6,2005-2007
130797,648,PM2.5-Attributable Asthma ED Visits ,UHF42,Rate- Children 0 to 17 Yrs Old,East New York,204,175.6,2005-2007
130798,648,PM2.5-Attributable Asthma ED Visits ,UHF42,Rate- Children 0 to 17 Yrs Old,Sunset Park,205,47,2005-2007
130798,648,PM2.5-Attributable Asthma ED Visits ,UHF42,Rate- Children 0 to 17 Yrs Old,Sunset Park,205,47,2005-2007
130799,648,PM2.5-Attributable Asthma ED Visits ,UHF42,Rate- Children 0 to 17 Yrs Old,Borough Park,206,14.7,2005-2007
130799,648,PM2.5-Attributable Asthma ED Visits ,UHF42,Rate- Children 0 to 17 Yrs Old,Borough Park,206,14.7,2005-2007
130800,648,PM2.5-Attributable Asthma ED Visits ,UHF42,Rate- Children 0 to 17 Yrs Old,East Flatbush - Flatbush,207,111.9,2005-2007
130800,648,PM2.5-Attributable Asthma ED Visits ,UHF42,Rate- Children 0 to 17 Yrs Old,East Flatbush - Flatbush,207,111.9,2005-2007
130801,648,PM2.5-Attributable Asthma ED Visits ,UHF42,Rate- Children 0 to 17 Yrs Old,Canarsie - Flatlands,208,91.9,2005-2007
130801,648,PM2.5-Attributable Asthma ED Visits ,UHF42,Rate- Children 0 to 17 Yrs Old,Canarsie - Flatlands,208,91.9,2005-2007
130802,648,PM2.5-Attributable Asthma ED Visits ,UHF42,Rate- Children 0 to 17 Yrs Old,Bensonhurst - Bay Ridge,209,19.7,2005-2007
130802,648,PM2.5-Attributable Asthma ED Visits ,UHF42,Rate- Children 0 to 17 Yrs Old,Bensonhurst - Bay Ridge,209,19.7,2005-2007
130803,648,PM2.5-Attributable Asthma ED Visits ,UHF42,Rate- Children 0 to 17 Yrs Old,Coney Island - Sheepshead Bay,210,38.4,2005-2007
130803,648,PM2.5-Attributable Asthma ED Visits ,UHF42,Rate- Children 0 to 17 Yrs Old,Coney Island - Sheepshead Bay,210,38.4,2005-2007
130804,648,PM2.5-Attributable Asthma ED Visits ,UHF42,Rate- Children 0 to 17 Yrs Old,Williamsburg - Bushwick,211,185.7,2005-2007
130804,648,PM2.5-Attributable Asthma ED Visits ,UHF42,Rate- Children 0 to 17 Yrs Old,Williamsburg - Bushwick,211,185.7,2005-2007
130805,648,PM2.5-Attributable Asthma ED Visits ,UHF42,Rate- Children 0 to 17 Yrs Old,Washington Heights,301,175.9,2005-2007
130805,648,PM2.5-Attributable Asthma ED Visits ,UHF42,Rate- Children 0 to 17 Yrs Old,Washington Heights,301,175.9,2005-2007
130806,648,PM2.5-Attributable Asthma ED Visits ,UHF42,Rate- Children 0 to 17 Yrs Old,Central Harlem - Morningside Heights,302,424.7,2005-2007
130806,648,PM2.5-Attributable Asthma ED Visits ,UHF42,Rate- Children 0 to 17 Yrs Old,Central Harlem - Morningside Heights,302,424.7,2005-2007
130807,648,PM2.5-Attributable Asthma ED Visits ,UHF42,Rate- Children 0 to 17 Yrs Old,East Harlem,303,354.2,2005-2007
130807,648,PM2.5-Attributable Asthma ED Visits ,UHF42,Rate- Children 0 to 17 Yrs Old,East Harlem,303,354.2,2005-2007
130808,648,PM2.5-Attributable Asthma ED Visits ,UHF42,Rate- Children 0 to 17 Yrs Old,Upper West Side,304,113.2,2005-2007
130808,648,PM2.5-Attributable Asthma ED Visits ,UHF42,Rate- Children 0 to 17 Yrs Old,Upper West Side,304,113.2,2005-2007
130809,648,PM2.5-Attributable Asthma ED Visits ,UHF42,Rate- Children 0 to 17 Yrs Old,Upper East Side,305,39,2005-2007
130809,648,PM2.5-Attributable Asthma ED Visits ,UHF42,Rate- Children 0 to 17 Yrs Old,Upper East Side,305,39,2005-2007
130810,648,PM2.5-Attributable Asthma ED Visits ,UHF42,Rate- Children 0 to 17 Yrs Old,Chelsea - Clinton,306,139.1,2005-2007
130810,648,PM2.5-Attributable Asthma ED Visits ,UHF42,Rate- Children 0 to 17 Yrs Old,Chelsea - Clinton,306,139.1,2005-2007
130811,648,PM2.5-Attributable Asthma ED Visits ,UHF42,Rate- Children 0 to 17 Yrs Old,Gramercy Park - Murray Hill,307,61.7,2005-2007
130811,648,PM2.5-Attributable Asthma ED Visits ,UHF42,Rate- Children 0 to 17 Yrs Old,Gramercy Park - Murray Hill,307,61.7,2005-2007
130812,648,PM2.5-Attributable Asthma ED Visits ,UHF42,Rate- Children 0 to 17 Yrs Old,Greenwich Village - SoHo,308,25.6,2005-2007
130812,648,PM2.5-Attributable Asthma ED Visits ,UHF42,Rate- Children 0 to 17 Yrs Old,Greenwich Village - SoHo,308,25.6,2005-2007
130813,648,PM2.5-Attributable Asthma ED Visits ,UHF42,Rate- Children 0 to 17 Yrs Old,Union Square - Lower East Side,309,124.9,2005-2007
130813,648,PM2.5-Attributable Asthma ED Visits ,UHF42,Rate- Children 0 to 17 Yrs Old,Union Square - Lower East Side,309,124.9,2005-2007
130814,648,PM2.5-Attributable Asthma ED Visits ,UHF42,Rate- Children 0 to 17 Yrs Old,Lower Manhattan,310,71.6,2005-2007
130814,648,PM2.5-Attributable Asthma ED Visits ,UHF42,Rate- Children 0 to 17 Yrs Old,Lower Manhattan,310,71.6,2005-2007
130815,648,PM2.5-Attributable Asthma ED Visits ,UHF42,Rate- Children 0 to 17 Yrs Old,Long Island City - Astoria,401,71.2,2005-2007
130815,648,PM2.5-Attributable Asthma ED Visits ,UHF42,Rate- Children 0 to 17 Yrs Old,Long Island City - Astoria,401,71.2,2005-2007
130816,648,PM2.5-Attributable Asthma ED Visits ,UHF42,Rate- Children 0 to 17 Yrs Old,West Queens,402,89.3,2005-2007
130816,648,PM2.5-Attributable Asthma ED Visits ,UHF42,Rate- Children 0 to 17 Yrs Old,West Queens,402,89.3,2005-2007
130817,648,PM2.5-Attributable Asthma ED Visits ,UHF42,Rate- Children 0 to 17 Yrs Old,Flushing - Clearview,403,48.7,2005-2007
130817,648,PM2.5-Attributable Asthma ED Visits ,UHF42,Rate- Children 0 to 17 Yrs Old,Flushing - Clearview,403,48.7,2005-2007
130818,648,PM2.5-Attributable Asthma ED Visits ,UHF42,Rate- Children 0 to 17 Yrs Old,Bayside - Little Neck,404,26.7,2005-2007
130818,648,PM2.5-Attributable Asthma ED Visits ,UHF42,Rate- Children 0 to 17 Yrs Old,Bayside - Little Neck,404,26.7,2005-2007
130819,648,PM2.5-Attributable Asthma ED Visits ,UHF42,Rate- Children 0 to 17 Yrs Old,Ridgewood - Forest Hills,405,51,2005-2007
130819,648,PM2.5-Attributable Asthma ED Visits ,UHF42,Rate- Children 0 to 17 Yrs Old,Ridgewood - Forest Hills,405,51,2005-2007
130820,648,PM2.5-Attributable Asthma ED Visits ,UHF42,Rate- Children 0 to 17 Yrs Old,Fresh Meadows,406,54.8,2005-2007
130820,648,PM2.5-Attributable Asthma ED Visits ,UHF42,Rate- Children 0 to 17 Yrs Old,Fresh Meadows,406,54.8,2005-2007
130821,648,PM2.5-Attributable Asthma ED Visits ,UHF42,Rate- Children 0 to 17 Yrs Old,Southwest Queens,407,81.4,2005-2007
130821,648,PM2.5-Attributable Asthma ED Visits ,UHF42,Rate- Children 0 to 17 Yrs Old,Southwest Queens,407,81.4,2005-2007
130822,648,PM2.5-Attributable Asthma ED Visits ,UHF42,Rate- Children 0 to 17 Yrs Old,Jamaica,408,113.6,2005-2007
130822,648,PM2.5-Attributable Asthma ED Visits ,UHF42,Rate- Children 0 to 17 Yrs Old,Jamaica,408,113.6,2005-2007
130823,648,PM2.5-Attributable Asthma ED Visits ,UHF42,Rate- Children 0 to 17 Yrs Old,Southeast Queens,409,73.8,2005-2007
130823,648,PM2.5-Attributable Asthma ED Visits ,UHF42,Rate- Children 0 to 17 Yrs Old,Southeast Queens,409,73.8,2005-2007
130824,648,PM2.5-Attributable Asthma ED Visits ,UHF42,Rate- Children 0 to 17 Yrs Old,Rockaways,410,152.7,2005-2007
130824,648,PM2.5-Attributable Asthma ED Visits ,UHF42,Rate- Children 0 to 17 Yrs Old,Rockaways,410,152.7,2005-2007
130825,648,PM2.5-Attributable Asthma ED Visits ,UHF42,Rate- Children 0 to 17 Yrs Old,Port Richmond,501,106.9,2005-2007
130825,648,PM2.5-Attributable Asthma ED Visits ,UHF42,Rate- Children 0 to 17 Yrs Old,Port Richmond,501,106.9,2005-2007
130826,648,PM2.5-Attributable Asthma ED Visits ,UHF42,Rate- Children 0 to 17 Yrs Old,Stapleton - St. George,502,82.4,2005-2007
130826,648,PM2.5-Attributable Asthma ED Visits ,UHF42,Rate- Children 0 to 17 Yrs Old,Stapleton - St. George,502,82.4,2005-2007
130827,648,PM2.5-Attributable Asthma ED Visits ,UHF42,Rate- Children 0 to 17 Yrs Old,Willowbrook,503,30.2,2005-2007
130827,648,PM2.5-Attributable Asthma ED Visits ,UHF42,Rate- Children 0 to 17 Yrs Old,Willowbrook,503,30.2,2005-2007
130828,648,PM2.5-Attributable Asthma ED Visits ,UHF42,Rate- Children 0 to 17 Yrs Old,South Beach - Tottenville,504,24,2005-2007
130828,648,PM2.5-Attributable Asthma ED Visits ,UHF42,Rate- Children 0 to 17 Yrs Old,South Beach - Tottenville,504,24,2005-2007
131411,648,PM2.5-Attributable Asthma ED Visits ,UHF42,Rate- Children 0 to 17 Yrs Old,Kingsbridge - Riverdale,101,60.7,2009-2011
131411,648,PM2.5-Attributable Asthma ED Visits ,UHF42,Rate- Children 0 to 17 Yrs Old,Kingsbridge - Riverdale,101,60.7,2009-2011
131412,648,PM2.5-Attributable Asthma ED Visits ,UHF42,Rate- Children 0 to 17 Yrs Old,Northeast Bronx,102,73.4,2009-2011
131412,648,PM2.5-Attributable Asthma ED Visits ,UHF42,Rate- Children 0 to 17 Yrs Old,Northeast Bronx,102,73.4,2009-2011
131413,648,PM2.5-Attributable Asthma ED Visits ,UHF42,Rate- Children 0 to 17 Yrs Old,Fordham - Bronx Pk,103,122.8,2009-2011
131413,648,PM2.5-Attributable Asthma ED Visits ,UHF42,Rate- Children 0 to 17 Yrs Old,Fordham - Bronx Pk,103,122.8,2009-2011
131414,648,PM2.5-Attributable Asthma ED Visits ,UHF42,Rate- Children 0 to 17 Yrs Old,Pelham - Throgs Neck,104,121.9,2009-2011
131414,648,PM2.5-Attributable Asthma ED Visits ,UHF42,Rate- Children 0 to 17 Yrs Old,Pelham - Throgs Neck,104,121.9,2009-2011
131415,648,PM2.5-Attributable Asthma ED Visits ,UHF42,Rate- Children 0 to 17 Yrs Old,Crotona -Tremont,105,200.2,2009-2011
131415,648,PM2.5-Attributable Asthma ED Visits ,UHF42,Rate- Children 0 to 17 Yrs Old,Crotona -Tremont,105,200.2,2009-2011
131416,648,PM2.5-Attributable Asthma ED Visits ,UHF42,Rate- Children 0 to 17 Yrs Old,High Bridge - Morrisania,106,249.3,2009-2011
131416,648,PM2.5-Attributable Asthma ED Visits ,UHF42,Rate- Children 0 to 17 Yrs Old,High Bridge - Morrisania,106,249.3,2009-2011
131417,648,PM2.5-Attributable Asthma ED Visits ,UHF42,Rate- Children 0 to 17 Yrs Old,Hunts Point - Mott Haven,107,251.3,2009-2011
131417,648,PM2.5-Attributable Asthma ED Visits ,UHF42,Rate- Children 0 to 17 Yrs Old,Hunts Point - Mott Haven,107,251.3,2009-2011
131418,648,PM2.5-Attributable Asthma ED Visits ,UHF42,Rate- Children 0 to 17 Yrs Old,Greenpoint,201,59.6,2009-2011
131418,648,PM2.5-Attributable Asthma ED Visits ,UHF42,Rate- Children 0 to 17 Yrs Old,Greenpoint,201,59.6,2009-2011
131419,648,PM2.5-Attributable Asthma ED Visits ,UHF42,Rate- Children 0 to 17 Yrs Old,Downtown - Heights - Slope,202,89.1,2009-2011
131419,648,PM2.5-Attributable Asthma ED Visits ,UHF42,Rate- Children 0 to 17 Yrs Old,Downtown - Heights - Slope,202,89.1,2009-2011
131420,648,PM2.5-Attributable Asthma ED Visits ,UHF42,Rate- Children 0 to 17 Yrs Old,Bedford Stuyvesant - Crown Heights,203,178.4,2009-2011
131420,648,PM2.5-Attributable Asthma ED Visits ,UHF42,Rate- Children 0 to 17 Yrs Old,Bedford Stuyvesant - Crown Heights,203,178.4,2009-2011
131421,648,PM2.5-Attributable Asthma ED Visits ,UHF42,Rate- Children 0 to 17 Yrs Old,East New York,204,153.2,2009-2011
131421,648,PM2.5-Attributable Asthma ED Visits ,UHF42,Rate- Children 0 to 17 Yrs Old,East New York,204,153.2,2009-2011
131422,648,PM2.5-Attributable Asthma ED Visits ,UHF42,Rate- Children 0 to 17 Yrs Old,Sunset Park,205,51.3,2009-2011
131422,648,PM2.5-Attributable Asthma ED Visits ,UHF42,Rate- Children 0 to 17 Yrs Old,Sunset Park,205,51.3,2009-2011
131423,648,PM2.5-Attributable Asthma ED Visits ,UHF42,Rate- Children 0 to 17 Yrs Old,Borough Park,206,19.5,2009-2011
131423,648,PM2.5-Attributable Asthma ED Visits ,UHF42,Rate- Children 0 to 17 Yrs Old,Borough Park,206,19.5,2009-2011
131424,648,PM2.5-Attributable Asthma ED Visits ,UHF42,Rate- Children 0 to 17 Yrs Old,East Flatbush - Flatbush,207,115.8,2009-2011
131424,648,PM2.5-Attributable Asthma ED Visits ,UHF42,Rate- Children 0 to 17 Yrs Old,East Flatbush - Flatbush,207,115.8,2009-2011
131425,648,PM2.5-Attributable Asthma ED Visits ,UHF42,Rate- Children 0 to 17 Yrs Old,Canarsie - Flatlands,208,81.7,2009-2011
131425,648,PM2.5-Attributable Asthma ED Visits ,UHF42,Rate- Children 0 to 17 Yrs Old,Canarsie - Flatlands,208,81.7,2009-2011
131426,648,PM2.5-Attributable Asthma ED Visits ,UHF42,Rate- Children 0 to 17 Yrs Old,Bensonhurst - Bay Ridge,209,20.7,2009-2011
131426,648,PM2.5-Attributable Asthma ED Visits ,UHF42,Rate- Children 0 to 17 Yrs Old,Bensonhurst - Bay Ridge,209,20.7,2009-2011
131427,648,PM2.5-Attributable Asthma ED Visits ,UHF42,Rate- Children 0 to 17 Yrs Old,Coney Island - Sheepshead Bay,210,35.1,2009-2011
131427,648,PM2.5-Attributable Asthma ED Visits ,UHF42,Rate- Children 0 to 17 Yrs Old,Coney Island - Sheepshead Bay,210,35.1,2009-2011
131428,648,PM2.5-Attributable Asthma ED Visits ,UHF42,Rate- Children 0 to 17 Yrs Old,Williamsburg - Bushwick,211,184.6,2009-2011
131428,648,PM2.5-Attributable Asthma ED Visits ,UHF42,Rate- Children 0 to 17 Yrs Old,Williamsburg - Bushwick,211,184.6,2009-2011
131429,648,PM2.5-Attributable Asthma ED Visits ,UHF42,Rate- Children 0 to 17 Yrs Old,Washington Heights,301,138.5,2009-2011
131429,648,PM2.5-Attributable Asthma ED Visits ,UHF42,Rate- Children 0 to 17 Yrs Old,Washington Heights,301,138.5,2009-2011
131430,648,PM2.5-Attributable Asthma ED Visits ,UHF42,Rate- Children 0 to 17 Yrs Old,Central Harlem - Morningside Heights,302,291.1,2009-2011
131430,648,PM2.5-Attributable Asthma ED Visits ,UHF42,Rate- Children 0 to 17 Yrs Old,Central Harlem - Morningside Heights,302,291.1,2009-2011
131431,648,PM2.5-Attributable Asthma ED Visits ,UHF42,Rate- Children 0 to 17 Yrs Old,East Harlem,303,299.4,2009-2011
131431,648,PM2.5-Attributable Asthma ED Visits ,UHF42,Rate- Children 0 to 17 Yrs Old,East Harlem,303,299.4,2009-2011
131432,648,PM2.5-Attributable Asthma ED Visits ,UHF42,Rate- Children 0 to 17 Yrs Old,Upper West Side,304,74.2,2009-2011
131432,648,PM2.5-Attributable Asthma ED Visits ,UHF42,Rate- Children 0 to 17 Yrs Old,Upper West Side,304,74.2,2009-2011
131433,648,PM2.5-Attributable Asthma ED Visits ,UHF42,Rate- Children 0 to 17 Yrs Old,Upper East Side,305,35.5,2009-2011
131433,648,PM2.5-Attributable Asthma ED Visits ,UHF42,Rate- Children 0 to 17 Yrs Old,Upper East Side,305,35.5,2009-2011
131434,648,PM2.5-Attributable Asthma ED Visits ,UHF42,Rate- Children 0 to 17 Yrs Old,Chelsea - Clinton,306,88.6,2009-2011
131434,648,PM2.5-Attributable Asthma ED Visits ,UHF42,Rate- Children 0 to 17 Yrs Old,Chelsea - Clinton,306,88.6,2009-2011
131435,648,PM2.5-Attributable Asthma ED Visits ,UHF42,Rate- Children 0 to 17 Yrs Old,Gramercy Park - Murray Hill,307,69.7,2009-2011
131435,648,PM2.5-Attributable Asthma ED Visits ,UHF42,Rate- Children 0 to 17 Yrs Old,Gramercy Park - Murray Hill,307,69.7,2009-2011
131436,648,PM2.5-Attributable Asthma ED Visits ,UHF42,Rate- Children 0 to 17 Yrs Old,Greenwich Village - SoHo,308,24.5,2009-2011
131436,648,PM2.5-Attributable Asthma ED Visits ,UHF42,Rate- Children 0 to 17 Yrs Old,Greenwich Village - SoHo,308,24.5,2009-2011
131437,648,PM2.5-Attributable Asthma ED Visits ,UHF42,Rate- Children 0 to 17 Yrs Old,Union Square - Lower East Side,309,151.9,2009-2011
131437,648,PM2.5-Attributable Asthma ED Visits ,UHF42,Rate- Children 0 to 17 Yrs Old,Union Square - Lower East Side,309,151.9,2009-2011
131438,648,PM2.5-Attributable Asthma ED Visits ,UHF42,Rate- Children 0 to 17 Yrs Old,Lower Manhattan,310,57.2,2009-2011
131438,648,PM2.5-Attributable Asthma ED Visits ,UHF42,Rate- Children 0 to 17 Yrs Old,Lower Manhattan,310,57.2,2009-2011
131439,648,PM2.5-Attributable Asthma ED Visits ,UHF42,Rate- Children 0 to 17 Yrs Old,Long Island City - Astoria,401,79.4,2009-2011
131439,648,PM2.5-Attributable Asthma ED Visits ,UHF42,Rate- Children 0 to 17 Yrs Old,Long Island City - Astoria,401,79.4,2009-2011
131440,648,PM2.5-Attributable Asthma ED Visits ,UHF42,Rate- Children 0 to 17 Yrs Old,West Queens,402,75.2,2009-2011
131440,648,PM2.5-Attributable Asthma ED Visits ,UHF42,Rate- Children 0 to 17 Yrs Old,West Queens,402,75.2,2009-2011
131441,648,PM2.5-Attributable Asthma ED Visits ,UHF42,Rate- Children 0 to 17 Yrs Old,Flushing - Clearview,403,38,2009-2011
131441,648,PM2.5-Attributable Asthma ED Visits ,UHF42,Rate- Children 0 to 17 Yrs Old,Flushing - Clearview,403,38,2009-2011
131442,648,PM2.5-Attributable Asthma ED Visits ,UHF42,Rate- Children 0 to 17 Yrs Old,Bayside - Little Neck,404,22.1,2009-2011
131442,648,PM2.5-Attributable Asthma ED Visits ,UHF42,Rate- Children 0 to 17 Yrs Old,Bayside - Little Neck,404,22.1,2009-2011
131443,648,PM2.5-Attributable Asthma ED Visits ,UHF42,Rate- Children 0 to 17 Yrs Old,Ridgewood - Forest Hills,405,51.1,2009-2011
131443,648,PM2.5-Attributable Asthma ED Visits ,UHF42,Rate- Children 0 to 17 Yrs Old,Ridgewood - Forest Hills,405,51.1,2009-2011
131444,648,PM2.5-Attributable Asthma ED Visits ,UHF42,Rate- Children 0 to 17 Yrs Old,Fresh Meadows,406,47.7,2009-2011
131444,648,PM2.5-Attributable Asthma ED Visits ,UHF42,Rate- Children 0 to 17 Yrs Old,Fresh Meadows,406,47.7,2009-2011
131445,648,PM2.5-Attributable Asthma ED Visits ,UHF42,Rate- Children 0 to 17 Yrs Old,Southwest Queens,407,80,2009-2011
131445,648,PM2.5-Attributable Asthma ED Visits ,UHF42,Rate- Children 0 to 17 Yrs Old,Southwest Queens,407,80,2009-2011
131446,648,PM2.5-Attributable Asthma ED Visits ,UHF42,Rate- Children 0 to 17 Yrs Old,Jamaica,408,115.8,2009-2011
131446,648,PM2.5-Attributable Asthma ED Visits ,UHF42,Rate- Children 0 to 17 Yrs Old,Jamaica,408,115.8,2009-2011
131447,648,PM2.5-Attributable Asthma ED Visits ,UHF42,Rate- Children 0 to 17 Yrs Old,Southeast Queens,409,70.5,2009-2011
131447,648,PM2.5-Attributable Asthma ED Visits ,UHF42,Rate- Children 0 to 17 Yrs Old,Southeast Queens,409,70.5,2009-2011
131448,648,PM2.5-Attributable Asthma ED Visits ,UHF42,Rate- Children 0 to 17 Yrs Old,Rockaways,410,111.8,2009-2011
131448,648,PM2.5-Attributable Asthma ED Visits ,UHF42,Rate- Children 0 to 17 Yrs Old,Rockaways,410,111.8,2009-2011
131449,648,PM2.5-Attributable Asthma ED Visits ,UHF42,Rate- Children 0 to 17 Yrs Old,Port Richmond,501,92,2009-2011
131449,648,PM2.5-Attributable Asthma ED Visits ,UHF42,Rate- Children 0 to 17 Yrs Old,Port Richmond,501,92,2009-2011
131450,648,PM2.5-Attributable Asthma ED Visits ,UHF42,Rate- Children 0 to 17 Yrs Old,Stapleton - St. George,502,76.1,2009-2011
131450,648,PM2.5-Attributable Asthma ED Visits ,UHF42,Rate- Children 0 to 17 Yrs Old,Stapleton - St. George,502,76.1,2009-2011
131451,648,PM2.5-Attributable Asthma ED Visits ,UHF42,Rate- Children 0 to 17 Yrs Old,Willowbrook,503,32.8,2009-2011
131451,648,PM2.5-Attributable Asthma ED Visits ,UHF42,Rate- Children 0 to 17 Yrs Old,Willowbrook,503,32.8,2009-2011
131452,648,PM2.5-Attributable Asthma ED Visits ,UHF42,Rate- Children 0 to 17 Yrs Old,South Beach - Tottenville,504,21,2009-2011
131452,648,PM2.5-Attributable Asthma ED Visits ,UHF42,Rate- Children 0 to 17 Yrs Old,South Beach - Tottenville,504,21,2009-2011
